,overall,length_1_to_5,length_6_to_10,length_11_to_15,length_16_to_20
accuracy,0.9995,1.0,1.0,1.0,0.998
edit_distance,0.0005,0.0,0.0,0.0,0.002
token_probability,0.17310789794060744,0.27712816453022554,0.16308856929434368,0.1273323828172363,0.12488247512062427
brier_score,0.11812164126331334,0.10326381385606051,0.11955261750836672,0.12466430031451284,0.12500583337431326
