,overall,length_1_to_5,length_6_to_10,length_11_to_15,length_16_to_20
accuracy,0.9575,0.996,0.966,0.96,0.908
edit_distance,0.0555,0.004,0.034,0.042,0.142
token_probability,0.17297604475775075,0.2772549854580207,0.1626017826522363,0.12737346148593862,0.12467394943480735
brier_score,0.11785598897742239,0.1031257165602088,0.11929874703664677,0.12440810920156807,0.12459138311126594
