,overall,length_1_to_5,length_6_to_10,length_11_to_15,length_16_to_20
accuracy,0.1605,0.58,0.056,0.0,0.006
edit_distance,4.814,0.616,2.506,6.748,9.386
token_probability,0.1450990272035034,0.24063195982858548,0.13170852562943514,0.10314817653450052,0.10490744682149239
brier_score,0.09396750037241647,0.09335209560674175,0.09977444206103162,0.08839688882270255,0.09434657499918993
